<annotation>
  <folder>/media/mayukh/758c99e6-8236-4af8-86fc-d097aaf7349d1/trackitt/bosch_traffic_light/dev/tf_records/</folder>
  <filename>./rgb/train/2015-10-05-10-55-33_bag/36930.png</filename>
  <size>
    <width>1280</width>
    <height>720</height>
    <depth>3</depth>
  </size>
  <segmented>0</segmented>
  <object>
    <name>RedLeft</name>
    <pose>Unspecified</pose>
    <occluded>False</occluded>
    <difficult>0</difficult>
    <bndbox>
      <xmin>400.9011603007</xmin>
      <ymin>127.5550920554</ymin>
      <xmax>419.4872455661</xmax>
      <ymax>172.6640828343</ymax>
    </bndbox>
  </object>
  <object>
    <name>Green</name>
    <pose>Unspecified</pose>
    <occluded>False</occluded>
    <difficult>0</difficult>
    <bndbox>
      <xmin>603.8715360211</xmin>
      <ymin>127.3617732319</ymin>
      <xmax>624.9043196641</xmax>
      <ymax>172.51887127</ymax>
    </bndbox>
  </object>
  <object>
    <name>Green</name>
    <pose>Unspecified</pose>
    <occluded>False</occluded>
    <difficult>0</difficult>
    <bndbox>
      <xmin>970.7812671255</xmin>
      <ymin>239.4006988086</ymin>
      <xmax>990.4005182088</xmax>
      <ymax>279.281341118</ymax>
    </bndbox>
  </object>
  <object>
    <name>Green</name>
    <pose>Unspecified</pose>
    <occluded>False</occluded>
    <difficult>0</difficult>
    <bndbox>
      <xmin>1122.6516328224</xmin>
      <ymin>192.340712575</ymin>
      <xmax>1150.0883470575</xmax>
      <ymax>248.0139010601</ymax>
    </bndbox>
  </object>
</annotation>
