<annotation>
  <folder>/media/mayukh/758c99e6-8236-4af8-86fc-d097aaf7349d1/trackitt/bosch_traffic_light/dev/tf_records/</folder>
  <filename>./rgb/train/2015-10-05-10-55-33_bag/51638.png</filename>
  <size>
    <width>1280</width>
    <height>720</height>
    <depth>3</depth>
  </size>
  <segmented>0</segmented>
  <object>
    <name>Green</name>
    <pose>Unspecified</pose>
    <occluded>False</occluded>
    <difficult>0</difficult>
    <bndbox>
      <xmin>606.9500107117</xmin>
      <ymin>203.2802488117</ymin>
      <xmax>618.4009377401</xmax>
      <ymax>230.3390521858</ymax>
    </bndbox>
  </object>
  <object>
    <name>Green</name>
    <pose>Unspecified</pose>
    <occluded>False</occluded>
    <difficult>0</difficult>
    <bndbox>
      <xmin>1185.411970718</xmin>
      <ymin>173.3622263209</ymin>
      <xmax>1213.2007506649</xmax>
      <ymax>238.4849289039</ymax>
    </bndbox>
  </object>
  <object>
    <name>Green</name>
    <pose>Unspecified</pose>
    <occluded>False</occluded>
    <difficult>0</difficult>
    <bndbox>
      <xmin>796.7621961864</xmin>
      <ymin>267.2176241519</ymin>
      <xmax>808.9479214696</xmax>
      <ymax>294.1306341596</ymax>
    </bndbox>
  </object>
  <object>
    <name>RedLeft</name>
    <pose>Unspecified</pose>
    <occluded>False</occluded>
    <difficult>0</difficult>
    <bndbox>
      <xmin>490.4091817536</xmin>
      <ymin>201.6459487414</ymin>
      <xmax>501.52596838</xmax>
      <ymax>227.6198318533</ymax>
    </bndbox>
  </object>
  <object>
    <name>RedLeft</name>
    <pose>Unspecified</pose>
    <occluded>False</occluded>
    <difficult>0</difficult>
    <bndbox>
      <xmin>32.8773322272</xmin>
      <ymin>273.0078353078</ymin>
      <xmax>43.5605620409</xmax>
      <ymax>301.8277110842</ymax>
    </bndbox>
  </object>
</annotation>
