<annotation>
  <folder>/media/mayukh/758c99e6-8236-4af8-86fc-d097aaf7349d1/trackitt/bosch_traffic_light/dev/tf_records/</folder>
  <filename>./rgb/train/2015-10-05-10-55-33_bag/71062.png</filename>
  <size>
    <width>1280</width>
    <height>720</height>
    <depth>3</depth>
  </size>
  <segmented>0</segmented>
  <object>
    <name>Red</name>
    <pose>Unspecified</pose>
    <occluded>False</occluded>
    <difficult>0</difficult>
    <bndbox>
      <xmin>611.5277974643</xmin>
      <ymin>295.7235912906</ymin>
      <xmax>615.8219347717</xmax>
      <ymax>305.650767728</ymax>
    </bndbox>
  </object>
  <object>
    <name>Red</name>
    <pose>Unspecified</pose>
    <occluded>False</occluded>
    <difficult>0</difficult>
    <bndbox>
      <xmin>579.6649004867</xmin>
      <ymin>311.5322224616</ymin>
      <xmax>584.0219298038</xmax>
      <ymax>321.1303724922</ymax>
    </bndbox>
  </object>
</annotation>
