<annotation>
  <folder>/media/mayukh/758c99e6-8236-4af8-86fc-d097aaf7349d1/trackitt/bosch_traffic_light/dev/tf_records/</folder>
  <filename>./rgb/train/2015-10-05-10-55-33_bag/74482.png</filename>
  <size>
    <width>1280</width>
    <height>720</height>
    <depth>3</depth>
  </size>
  <segmented>0</segmented>
  <object>
    <name>Green</name>
    <pose>Unspecified</pose>
    <occluded>False</occluded>
    <difficult>0</difficult>
    <bndbox>
      <xmin>764.1704380837</xmin>
      <ymin>285.3638716755</ymin>
      <xmax>771.7329823149</xmax>
      <ymax>304.4487500562</ymax>
    </bndbox>
  </object>
  <object>
    <name>Green</name>
    <pose>Unspecified</pose>
    <occluded>False</occluded>
    <difficult>0</difficult>
    <bndbox>
      <xmin>733.4339070674</xmin>
      <ymin>296.1412147611</ymin>
      <xmax>740.2566135437</xmax>
      <ymax>310.4106427382</ymax>
    </bndbox>
  </object>
  <object>
    <name>Green</name>
    <pose>Unspecified</pose>
    <occluded>False</occluded>
    <difficult>0</difficult>
    <bndbox>
      <xmin>620.9776050835</xmin>
      <ymin>258.5030483209</ymin>
      <xmax>627.8110870911</xmax>
      <ymax>274.662886552</ymax>
    </bndbox>
  </object>
  <object>
    <name>Green</name>
    <pose>Unspecified</pose>
    <occluded>False</occluded>
    <difficult>0</difficult>
    <bndbox>
      <xmin>573.9669281027</xmin>
      <ymin>258.0354746432</ymin>
      <xmax>581.195097857</xmax>
      <ymax>274.1180189491</ymax>
    </bndbox>
  </object>
  <object>
    <name>off</name>
    <pose>Unspecified</pose>
    <occluded>False</occluded>
    <difficult>0</difficult>
    <bndbox>
      <xmin>513.0804641492</xmin>
      <ymin>257.9360201012</ymin>
      <xmax>518.5536318568</xmax>
      <ymax>271.5520659464</ymax>
    </bndbox>
  </object>
</annotation>
