<annotation>
  <folder>/media/mayukh/758c99e6-8236-4af8-86fc-d097aaf7349d1/trackitt/bosch_traffic_light/dev/tf_records/</folder>
  <filename>./rgb/train/2015-10-05-10-55-33_bag/75940.png</filename>
  <size>
    <width>1280</width>
    <height>720</height>
    <depth>3</depth>
  </size>
  <segmented>0</segmented>
  <object>
    <name>off</name>
    <pose>Unspecified</pose>
    <occluded>False</occluded>
    <difficult>0</difficult>
    <bndbox>
      <xmin>605.9521569032</xmin>
      <ymin>302.7984340973</ymin>
      <xmax>610.7277163297</xmax>
      <ymax>310.5808272368</ymax>
    </bndbox>
  </object>
  <object>
    <name>off</name>
    <pose>Unspecified</pose>
    <occluded>False</occluded>
    <difficult>0</difficult>
    <bndbox>
      <xmin>619.1753476983</xmin>
      <ymin>303.4683350776</ymin>
      <xmax>622.7976670397</xmax>
      <ymax>311.3837736385</ymax>
    </bndbox>
  </object>
  <object>
    <name>Red</name>
    <pose>Unspecified</pose>
    <occluded>False</occluded>
    <difficult>0</difficult>
    <bndbox>
      <xmin>651.5868042686</xmin>
      <ymin>314.2298386425</ymin>
      <xmax>655.1792519638</xmax>
      <ymax>318.0468143186</ymax>
    </bndbox>
  </object>
</annotation>
